t,x,y
0.000000,0.013391,0.959521
0.033352,0.037269,0.985123
0.066704,0.029918,0.991325
0.100056,0.019448,0.985896
0.133407,0.012039,0.972068
0.166759,0.011090,0.958726
0.200111,0.013295,0.949945
0.233463,0.011938,0.947046
0.266815,0.006771,0.948161
0.300167,-0.002036,0.949103
0.333519,-0.013189,0.947577
0.366870,-0.023916,0.947389
0.400222,-0.033196,0.948101
0.433574,-0.039255,0.946351
0.466926,-0.046534,0.938310
0.500278,-0.054114,0.924823
0.533630,-0.058714,0.907546
0.566982,-0.059189,0.903127
0.600334,-0.057681,0.906186
0.633685,-0.056205,0.907646
0.667037,-0.054789,0.906266
0.700389,-0.051950,0.905799
0.733741,-0.047627,0.904849
0.767093,-0.041477,0.903338
0.800445,-0.033516,0.901910
0.833797,-0.027958,0.905723
0.867148,-0.019575,0.919440
0.900500,-0.006217,0.940992
0.933852,0.010600,0.962230
0.967204,0.025879,0.974926
1.000556,0.040179,0.977037
1.033908,0.053429,0.967835
1.067260,0.064489,0.948475
1.100611,0.074053,0.923958
1.133963,0.089261,0.905517
1.167315,0.103420,0.910651
1.200667,0.117003,0.928567
1.234019,0.133646,0.953816
1.267371,0.151300,0.976988
1.300723,0.169450,0.989523
1.334074,0.186861,0.990576
1.367426,0.202834,0.980238
1.400778,0.217110,0.961375
1.434130,0.233553,0.936124
1.467482,0.246921,0.915296
1.500834,0.257515,0.917695
1.534186,0.271907,0.936920
1.567538,0.288845,0.963516
1.600889,0.307746,0.987189
1.634241,0.327282,0.999974
1.667593,0.345957,1.001319
1.700945,0.362994,0.991236
1.734297,0.378304,0.971185
1.767649,0.394283,0.944920
1.801001,0.412007,0.919707
1.834352,0.423798,0.916583
1.867704,0.435629,0.928777
1.901056,0.450617,0.950312
1.934408,0.466338,0.969765
1.967760,0.483216,0.978828
2.001112,0.499591,0.976541
2.034464,0.513996,0.963748
2.067815,0.526576,0.944992
2.101167,0.541096,0.922807
2.134519,0.552992,0.916061
2.167871,0.564947,0.925633
2.201223,0.580393,0.945525
2.234575,0.596067,0.965210
2.267927,0.612198,0.976016
2.301278,0.628485,0.975673
2.334630,0.644035,0.964078
2.367982,0.657919,0.941931
2.401334,0.672579,0.914593
2.434686,0.687470,0.908843
2.468038,0.701427,0.923520
2.501390,0.719036,0.949490
2.534742,0.737932,0.976999
2.568093,0.757641,0.997027
2.601445,0.777497,1.005811
2.634797,0.796510,1.003169
2.668149,0.813906,0.989172
2.701501,0.831559,0.965310
2.734853,0.850384,0.934260
2.768205,0.863647,0.911802
2.801556,0.875348,0.917217
2.834908,0.889897,0.938701
2.868260,0.907387,0.965854
2.901612,0.927129,0.988919
2.934964,0.946979,1.000799
2.968316,0.965434,1.001160
3.001668,0.982027,0.990133
3.035019,0.997390,0.971091
3.068371,1.014001,0.946085
3.101723,1.028304,0.922341
3.135075,1.038025,0.919347
3.168427,1.049221,0.932031
3.201779,1.063026,0.952562
3.235131,1.077961,0.969910
3.268482,1.094321,0.976536
3.301834,1.109577,0.971949
3.335186,1.121340,0.959244
3.368538,1.132949,0.940525
3.401890,1.145475,0.918335
3.435242,1.156115,0.912888
3.468594,1.167568,0.922269
3.501946,1.182142,0.941175
3.535297,1.196763,0.962102
3.568649,1.212168,0.976594
3.602001,1.228249,0.980052
3.635353,1.243434,0.972175
3.668705,1.256281,0.954507
3.702057,1.267967,0.931660
3.735409,1.283615,0.909750
3.768760,1.296283,0.908844
3.802112,1.307096,0.917248
3.835464,1.321143,0.934373
3.868816,1.337517,0.953708
3.902168,1.351965,0.967630
3.935520,1.366460,0.971423
3.968872,1.380574,0.964024
4.002223,1.393628,0.945457
4.035575,1.406356,0.916977
4.068927,1.420968,0.904385
4.102279,1.435371,0.914200
4.135631,1.453308,0.937920
4.168983,1.474544,0.968232
4.202335,1.497250,0.998238
4.235686,1.520818,1.019785
4.269038,1.543878,1.029880
4.302390,1.565784,1.028587
4.335742,1.586120,1.015960
4.369094,1.607861,0.993090
4.402446,1.630134,0.961024
4.435798,1.649402,0.927701
4.469150,1.659355,0.917623
4.502501,1.668812,0.930794
4.535853,1.685331,0.956165
4.569205,1.703739,0.984514
4.602557,1.723354,1.006882
4.635909,1.743233,1.018021
4.669261,1.761753,1.017728
4.702613,1.778301,1.005914
4.735964,1.794504,0.984663
4.769316,1.810458,0.957682
4.802668,1.827395,0.927866
4.836020,1.837959,0.915725
4.869372,1.847569,0.923161
4.902724,1.859460,0.939367
4.936076,1.872746,0.953495
4.969427,1.886145,0.957127
5.002779,1.899744,0.950359
5.036131,1.911039,0.937262
5.069483,1.922089,0.920352
5.102835,1.932028,0.910705
5.136187,1.942970,0.916364
5.169539,1.955712,0.932522
5.202890,1.971236,0.954926
5.236242,1.986146,0.974626
5.269594,2.001664,0.983930
5.302946,2.016904,0.981905
5.336298,2.030559,0.968878
5.369650,2.042209,0.948741
5.403002,2.056243,0.923711
5.436354,2.066679,0.909506
5.469705,2.077226,0.915745
5.503057,2.091676,0.935307
5.536409,2.107574,0.960760
5.569761,2.124726,0.982610
5.603113,2.142580,0.993499
5.636465,2.159564,0.992954
5.669817,2.174827,0.981095
5.703168,2.188176,0.961227
5.736520,2.203824,0.935345
5.769872,2.217694,0.915395
5.803224,2.228543,0.918935
5.836576,2.241654,0.937476
5.869928,2.257370,0.962226
5.903280,2.275641,0.983277
5.936631,2.294387,0.993251
5.969983,2.311678,0.991708
6.003335,2.326697,0.979645
6.036687,2.339894,0.961028
6.070039,2.355345,0.936735
6.103391,2.368491,0.920176
6.136743,2.379257,0.924576
6.170094,2.392188,0.942014
6.203446,2.407215,0.961874
6.236798,2.423772,0.974580
6.270150,2.440638,0.976227
6.303502,2.456017,0.966719
6.336854,2.468375,0.949769
6.370206,2.482231,0.927357
6.403558,2.493750,0.909593
6.436909,2.504207,0.909531
6.470261,2.515878,0.920729
6.503613,2.530421,0.940579
6.536965,2.545624,0.962291
6.570317,2.560767,0.977371
6.603669,2.576384,0.981354
6.637021,2.591232,0.974013
6.670372,2.604041,0.956323
6.703724,2.615706,0.932971
6.737076,2.631529,0.912255
6.770428,2.644512,0.914037
6.803780,2.657174,0.928885
6.837132,2.673479,0.951773
6.870484,2.690053,0.972729
6.903835,2.706770,0.983587
6.937187,2.723316,0.983150
6.970539,2.738899,0.971401
7.003891,2.752977,0.949458
7.037243,2.768448,0.921971
7.070595,2.782785,0.911748
7.103947,2.795925,0.922128
7.137298,2.812328,0.944850
7.170650,2.829965,0.971229
7.204002,2.849245,0.992401
7.237354,2.868885,1.002440
7.270706,2.887542,1.001031
7.304058,2.904424,0.988188
7.337410,2.920679,0.966625
7.370762,2.938774,0.938929
7.404113,2.953654,0.921295
7.437465,2.965402,0.927879
7.470817,2.979187,0.947182
7.504169,2.995365,0.965887
7.537521,3.013468,0.974794
7.570873,3.031037,0.972405
7.604225,3.046381,0.959620
7.637576,3.059603,0.940832
7.670928,3.074296,0.918864
7.704280,3.085794,0.912750
7.737632,3.097830,0.924397
7.770984,3.113464,0.945289
7.804336,3.129327,0.965242
7.837688,3.145307,0.975798
7.871039,3.161437,0.975286
7.904391,3.176840,0.963536
7.937743,3.190408,0.941233
7.971095,3.204232,0.915283
8.004447,3.221812,0.910870
8.037799,3.236213,0.922292
8.071151,3.253656,0.945081
8.104503,3.272346,0.970519
8.137854,3.291151,0.989679
8.171206,3.310251,0.997694
8.204558,3.328723,0.994334
8.237910,3.345803,0.979662
8.271262,3.363072,0.955265
8.304614,3.381464,0.925560
8.337966,3.394863,0.917178
8.371317,3.408681,0.930986
8.404669,3.427133,0.955939
8.438021,3.446892,0.981584
8.471373,3.467255,0.998816
8.504725,3.487465,1.004719
8.538077,3.506817,0.999244
8.571429,3.524602,0.982440
8.604780,3.543248,0.955976
8.638132,3.562592,0.925283
8.671484,3.576182,0.918872
8.704836,3.589975,0.933192
8.738188,3.608210,0.957980
8.771540,3.627366,0.981285
8.804892,3.646989,0.994248
8.838243,3.666333,0.995889
8.871595,3.684712,0.986179
8.904947,3.701449,0.965260
8.938299,3.718778,0.937141
8.971651,3.736900,0.917163
9.005003,3.750809,0.922621
9.038355,3.765874,0.940805
9.071707,3.781694,0.962345
9.105058,3.799347,0.978397
9.138410,3.817271,0.983318
9.171762,3.834107,0.976799
9.205114,3.848862,0.960115
9.238466,3.863266,0.937270
9.271818,3.879059,0.913896
9.305170,3.890906,0.913416
9.338521,3.903766,0.927967
9.371873,3.919843,0.950375
9.405225,3.935755,0.971260
9.438577,3.952128,0.982457
9.471929,3.968623,0.982453
9.505281,3.984312,0.971185
9.538633,3.998246,0.948941
9.571984,4.012660,0.920476
9.605336,4.029477,0.912023
9.638688,4.043116,0.922953
9.672040,4.059833,0.945393
9.705392,4.077171,0.968104
9.738744,4.094717,0.982223
9.772096,4.112367,0.985150
9.805447,4.129408,0.976803
9.838799,4.145113,0.957206
9.872151,4.161869,0.929646
9.905503,4.177372,0.913366
9.938855,4.191157,0.921904
9.972207,4.207849,0.944097
10.005559,4.225932,0.971253
10.038911,4.245855,0.994189
10.072262,4.266216,1.006026
10.105614,4.285566,1.006405
10.138966,4.303147,0.995338
10.172318,4.319950,0.974441
10.205670,4.338380,0.947144
10.239022,4.354805,0.925468
10.272374,4.366510,0.929070
10.305725,4.379483,0.946723
10.339077,4.394972,0.965164
10.372429,4.412451,0.974691
10.405781,4.429717,0.973024
10.439133,4.445309,0.960322
10.472485,4.458453,0.940703
10.505837,4.472233,0.918845
10.539188,4.483867,0.913369
10.572540,4.495923,0.923910
10.605892,4.511183,0.943355
10.639244,4.526502,0.962061
10.672596,4.541741,0.971804
10.705948,4.557226,0.970588
10.739300,4.571965,0.958142
10.772651,4.584593,0.936217
10.806003,4.597847,0.912787
10.839355,4.614587,0.910185
10.872707,4.628774,0.922065
10.906059,4.646147,0.945085
10.939411,4.664792,0.971182
10.972763,4.683828,0.991575
11.006115,4.703214,1.000835
11.039466,4.721882,0.998685
11.072818,4.739040,0.985189
11.106170,4.756030,0.961852
11.139522,4.774513,0.931775
11.172874,4.789048,0.917364
11.206226,4.802095,0.926978
11.239578,4.818773,0.949690
11.272929,4.837565,0.975300
11.306281,4.857716,0.994558
11.339633,4.877931,1.002611
11.372985,4.897199,0.999226
11.406337,4.914769,0.984439
11.439689,4.932551,0.960925
11.473041,4.951340,0.931774
11.506392,4.965819,0.919486
11.539744,4.978600,0.929241
11.573096,4.994008,0.950868
11.606448,5.011909,0.971484
11.639800,5.031215,0.982033
11.673152,5.049887,0.981212
11.706504,5.066895,0.969261
11.739855,5.081479,0.949956
11.773207,5.098276,0.926170
11.806559,5.111063,0.912979
11.839911,5.122911,0.917865
11.873263,5.137708,0.935880
11.906615,5.153503,0.960153
11.939967,5.170703,0.981040
11.973319,5.189249,0.991153
12.006670,5.206754,0.989829
12.040022,5.222090,0.977697
12.073374,5.235005,0.958696
12.106726,5.250324,0.933881
12.140078,5.263876,0.913488
12.173430,5.274837,0.915856
12.206782,5.288062,0.933010
12.240133,5.303275,0.957244
12.273485,5.320257,0.978241
12.306837,5.338305,0.988395
12.340189,5.355157,0.987075
12.373541,5.369623,0.975405
12.406893,5.382183,0.957354
12.440245,5.397411,0.933603
12.473596,5.409464,0.916378
12.506948,5.420052,0.921008
12.540300,5.433506,0.939591
12.573652,5.448948,0.964049
12.607004,5.466716,0.984761
12.640356,5.485139,0.994432
12.673708,5.502212,0.992617
12.707059,5.517079,0.980150
12.740411,5.529959,0.961128
12.773763,5.545131,0.936700
12.807115,5.558770,0.920368
12.840467,5.569639,0.924655
12.873819,5.582514,0.941607
12.907171,5.597360,0.960367
12.940523,5.613725,0.971456
12.973874,5.630283,0.971615
13.007226,5.645130,0.961017
13.040578,5.656633,0.944033
13.073930,5.670210,0.922197
13.107282,5.682431,0.909690
13.140634,5.694434,0.917221
13.173986,5.709569,0.937164
13.207337,5.725721,0.962557
13.240689,5.743361,0.984207
13.274041,5.761808,0.994884
13.307393,5.779240,0.994110
13.340745,5.794790,0.982145
13.374097,5.808288,0.962558
13.407449,5.823937,0.936851
13.440800,5.838203,0.915982
13.474152,5.848985,0.918176
13.507504,5.861723,0.935826
13.540856,5.877020,0.960372
13.574208,5.894810,0.981441
13.607560,5.913364,0.991533
13.640912,5.930474,0.990109
13.674263,5.945149,0.978368
13.707615,5.957919,0.960191
13.740967,5.973066,0.936304
13.774319,5.985562,0.919286
13.807671,5.996145,0.923412
13.841023,6.008928,0.940909
13.874375,6.023985,0.962723
13.907727,6.040769,0.979109
13.941078,6.058133,0.984457
13.974430,6.074110,0.978318
14.007782,6.087154,0.962984
14.041134,6.099363,0.941515
14.074486,6.114344,0.917022
14.107838,6.125958,0.909021
14.141190,6.137586,0.917849
14.174541,6.152101,0.937338
14.207893,6.167138,0.960662
14.241245,6.183424,0.978902
14.274597,6.200415,0.986117
14.307949,6.216407,0.981911
14.341301,6.230230,0.967251
14.374653,6.242689,0.946175
14.408004,6.258118,0.920400
14.441356,6.270308,0.910123
14.474708,6.281821,0.920118
14.508060,6.297169,0.941758
14.541412,6.313067,0.964799
14.574764,6.329814,0.980186
14.608116,6.346809,0.984416
14.641467,6.362907,0.977250
14.674819,6.376972,0.959862
14.708171,6.390014,0.936789
14.741523,6.407285,0.915845
14.774875,6.421140,0.916418
14.808227,6.434473,0.930273
14.841579,6.451329,0.952458
14.874931,6.468353,0.972907
14.908282,6.485406,0.983438
14.941634,6.502337,0.982693
14.974986,6.518530,0.970705
15.008338,6.533430,0.947523
15.041690,6.549785,0.917150
15.075042,6.564422,0.905802
15.108394,6.579151,0.918766
15.141745,6.596821,0.943932
15.175097,6.616192,0.974112
15.208449,6.637622,1.000423
15.241801,6.659462,1.015634
15.275153,6.680351,1.019389
15.308505,6.699521,1.011694
15.341857,6.717473,0.992838
15.375208,6.736968,0.966480
15.408560,6.756991,0.936780
15.441912,6.769954,0.928152
15.475264,6.781308,0.938654
15.508616,6.795981,0.958837
15.541968,6.813267,0.976406
15.575320,6.831296,0.983201
15.608671,6.848267,0.978549
15.642023,6.863073,0.963485
15.675375,6.876733,0.942221
15.708727,6.891741,0.917650
15.742079,6.903090,0.908758
15.775431,6.914618,0.916913
15.808783,6.929085,0.935794
15.842135,6.945230,0.960354
15.875486,6.961867,0.981261
15.908838,6.979266,0.991207
15.942190,6.995801,0.989723
15.975542,7.010464,0.977236
16.008894,7.022897,0.957511
16.042246,7.037972,0.931949
16.075598,7.051260,0.913173
16.108949,7.062073,0.917309
16.142301,7.075826,0.935618
16.175653,7.091276,0.960466
16.209005,7.108879,0.982007
16.242357,7.127067,0.992537
16.275709,7.144145,0.991602
16.309061,7.159256,0.979726
16.342412,7.172295,0.960747
16.375764,7.187655,0.935787
16.409116,7.201379,0.917839
16.442468,7.212344,0.922018
16.475820,7.225474,0.939995
16.509172,7.240945,0.962627
16.542524,7.258352,0.980232
16.575875,7.276323,0.986787
16.609227,7.292885,0.981830
16.642579,7.306632,0.967383
16.675931,7.319135,0.946931
16.709283,7.334536,0.922069
16.742635,7.346542,0.911768
16.775987,7.357783,0.919406
16.809339,7.372414,0.938552
16.842690,7.387366,0.961096
16.876042,7.403667,0.978215
16.909394,7.420669,0.984305
16.942746,7.436663,0.978987
16.976098,7.450390,0.963471
17.009450,7.462921,0.941906
17.042802,7.478523,0.916877
17.076153,7.491063,0.909888
17.109505,7.502871,0.920723
17.142857,7.518486,0.942609
17.176209,7.534537,0.965090
17.209561,7.551217,0.979170
17.242913,7.568085,0.982063
17.276265,7.584094,0.973605
17.309616,7.598177,0.954963
17.342968,7.611716,0.931076
17.376320,7.629152,0.913409
17.409672,7.642909,0.918082
17.443024,7.657539,0.935029
17.476376,7.674236,0.957524
17.509728,7.691109,0.976255
17.543079,7.708423,0.984102
17.576431,7.725198,0.980603
17.609783,7.740614,0.965899
17.643135,7.755376,0.943878
17.676487,7.771700,0.920628
17.709839,7.784674,0.918564
17.743191,7.799064,0.934734
17.776543,7.816620,0.959704
17.809894,7.835263,0.983068
17.843246,7.854716,0.996097
17.876598,7.873769,0.997725
17.909950,7.891581,0.987947
17.943302,7.907423,0.968035
17.976654,7.922870,0.941935
18.010006,7.942109,0.919767
18.043357,7.956546,0.920028
18.076709,7.969957,0.932941
18.110061,7.985934,0.953479
18.143413,8.002285,0.971661
18.176765,8.019414,0.979390
18.210117,8.036156,0.975810
18.243469,8.051470,0.961161
18.276820,8.065177,0.939491
18.310172,8.080583,0.915827
18.343524,8.092761,0.910906
18.376876,8.105459,0.923568
18.410228,8.122095,0.946555
18.443580,8.139276,0.968799
18.476932,8.156578,0.981491
18.510283,8.173934,0.982961
18.543635,8.190536,0.973149
18.576987,8.205543,0.952304
18.610339,8.221052,0.924897
18.643691,8.237614,0.911907
18.677043,8.251442,0.921580
18.710395,8.268060,0.943757
18.743747,8.285559,0.968196
18.777098,8.303963,0.985824
18.810450,8.322581,0.992286
18.843802,8.340443,0.987376
18.877154,8.356789,0.971142
18.910506,8.373588,0.946799
18.943858,8.390749,0.921214
18.977210,8.404016,0.919735
19.010561,8.418350,0.936642
19.043913,8.435799,0.962099
19.077265,8.454254,0.985037
19.110617,8.473562,0.997290
19.143969,8.492314,0.998156
19.177321,8.509622,0.987614
19.210673,8.525122,0.967100
19.244024,8.541485,0.940382
19.277376,8.559191,0.921416
19.310728,8.572000,0.925483
19.344080,8.586158,0.941526
19.377432,8.601325,0.958432
19.410784,8.617795,0.967377
19.444136,8.634070,0.965655
19.477487,8.649285,0.952625
19.510839,8.662456,0.930845
19.544191,8.677317,0.912236
19.577543,8.691952,0.916516
19.610895,8.707454,0.935554
19.644247,8.725458,0.962096
19.677599,8.744639,0.986025
19.710951,8.764437,0.999084
19.744302,8.783326,1.000666
19.777654,8.800527,0.990774
19.811006,8.815884,0.971859
19.844358,8.832285,0.946619
19.877710,8.849309,0.921814
19.911062,8.860109,0.918713
19.944414,8.872311,0.933236
19.977765,8.887795,0.956924
20.011117,8.904166,0.977980
20.044469,8.921755,0.988405
20.077821,8.938662,0.987442
20.111173,8.953751,0.975418
20.144525,8.966304,0.956082
20.177877,8.981208,0.931090
20.211228,8.994953,0.917693
20.244580,9.006422,0.923234
20.277932,9.020231,0.940881
20.311284,9.035415,0.961428
20.344636,9.052053,0.975742
20.377988,9.068965,0.978977
20.411340,9.084712,0.970818
20.444691,9.097784,0.954082
20.478043,9.111378,0.931822
20.511395,9.125227,0.912423
20.544747,9.136294,0.912425
20.578099,9.149200,0.927068
20.611451,9.165200,0.950123
20.644803,9.181004,0.971107
20.678155,9.197715,0.981821
20.711506,9.214209,0.981233
20.744858,9.229312,0.969493
20.778210,9.241778,0.950223
20.811562,9.256754,0.925682
20.844914,9.269010,0.910964
20.878266,9.280330,0.917220
20.911618,9.295157,0.937071
20.944969,9.311290,0.963008
20.978321,9.329444,0.985601
21.011673,9.348283,0.997200
21.045025,9.366068,0.997341
21.078377,9.382031,0.986145
21.111729,9.396070,0.966893
21.145081,9.411877,0.941556
21.178432,9.426695,0.918686
21.211784,9.437246,0.918377
21.245136,9.449369,0.933717
21.278488,9.464103,0.956492
21.311840,9.480632,0.975983
21.345192,9.498219,0.984625
21.378544,9.514510,0.981784
21.411895,9.527883,0.969481
21.445247,9.539795,0.951266
21.478599,9.554377,0.927461
21.511951,9.565947,0.914770
21.545303,9.576851,0.921111
21.578655,9.590795,0.939877
21.612007,9.605951,0.963684
21.645359,9.623134,0.983282
21.678710,9.641101,0.991863
21.712062,9.657793,0.988973
21.745414,9.672144,0.975691
21.778766,9.684620,0.955996
21.812118,9.699710,0.930709
21.845470,9.711766,0.911042
21.878822,9.721538,0.911752
21.912173,9.733802,0.927183
21.945525,9.748254,0.951002
21.978877,9.764126,0.972362
22.012229,9.781439,0.983120
22.045581,9.797850,0.982471
22.078933,9.811757,0.971643
22.112285,9.823141,0.954521
22.145636,9.837440,0.931540
22.178988,9.848653,0.913042
22.212340,9.858880,0.916096
22.245692,9.872401,0.933823
22.279044,9.887664,0.958651
22.312396,9.904909,0.980489
22.345748,9.922970,0.991440
22.379099,9.939985,0.990946
22.412451,9.955052,0.979464
22.445803,9.967891,0.960799
22.479155,9.983041,0.936127
22.512507,9.996705,0.918826
22.545859,10.007572,0.923058
22.579211,10.020650,0.940955
22.612563,10.036048,0.962935
22.645914,10.053352,0.979356
22.679266,10.071028,0.984685
22.712618,10.087317,0.978515
22.745970,10.100780,0.963039
22.779322,10.113429,0.941357
22.812674,10.128875,0.917184
22.846026,10.140602,0.909610
22.879377,10.152293,0.918340
22.912729,10.166970,0.937572
22.946081,10.182172,0.960251
22.979433,10.198349,0.977585
23.012785,10.215131,0.983887
23.046137,10.231039,0.978795
23.079489,10.244928,0.963187
23.112840,10.257721,0.941320
23.146192,10.273376,0.915994
23.179544,10.285871,0.910126
23.212896,10.297848,0.921604
23.246248,10.313778,0.944060
23.279600,10.330353,0.966801
23.312952,10.347301,0.980816
23.346304,10.364380,0.983622
23.379655,10.380665,0.975102
23.413007,10.395286,0.955896
23.446359,10.409794,0.930748
23.479711,10.426825,0.913425
23.513063,10.440193,0.919559
23.546415,10.455606,0.938721
23.579767,10.472368,0.961686
23.613118,10.489673,0.979186
23.646470,10.507322,0.985660
23.679822,10.524365,0.980781
23.713174,10.540028,0.964634
23.746526,10.555922,0.940943
23.779878,10.572058,0.918101
23.813230,10.585312,0.918649
23.846581,10.600184,0.936390
23.879933,10.617579,0.962123
23.913285,10.636725,0.985437
23.946637,10.656580,0.998004
23.979989,10.675698,0.999131
24.013341,10.693272,0.988822
24.046693,10.709094,0.968712
24.080044,10.725770,0.942126
24.113396,10.743654,0.921772
24.146748,10.756310,0.924561
24.180100,10.769901,0.939949
24.213452,10.784819,0.958690
24.246804,10.801593,0.971604
24.280156,10.818531,0.973432
24.313508,10.834281,0.963887
24.346859,10.847787,0.946026
24.380211,10.861931,0.923125
24.413563,10.874794,0.911120
24.446915,10.887556,0.919595
24.480267,10.903156,0.940209
24.513619,10.919426,0.965505
24.546971,10.937561,0.986540
24.580322,10.956356,0.996518
24.613674,10.973989,0.995031
24.647026,10.989649,0.982452
24.680378,11.003347,0.962501
24.713730,11.019091,0.936593
24.747082,11.033848,0.916274
24.780434,11.044991,0.919772
24.813785,11.057889,0.937402
24.847137,11.073102,0.960479
24.880489,11.090192,0.979080
24.913841,11.108144,0.986710
24.947193,11.124639,0.982829
24.980545,11.138078,0.969661
25.013897,11.150187,0.950216
25.047248,11.165094,0.925407
25.080600,11.177282,0.915096
25.113952,11.188657,0.922789
25.147304,11.203051,0.941652
25.180656,11.218003,0.963405
25.214008,11.234472,0.979281
25.247360,11.251556,0.984087
25.280712,11.267500,0.977471
25.314063,11.280905,0.961166
25.347415,11.293204,0.939178
25.380767,11.308821,0.914567
25.414119,11.321528,0.907843
25.447471,11.333183,0.916679
25.480823,11.347510,0.936399
25.514175,11.362834,0.961099
25.547526,11.379856,0.981631
25.580878,11.397575,0.991138
25.614230,11.414219,0.989197
25.647582,11.428817,0.976440
25.680934,11.441589,0.956790
25.714286,11.457003,0.931447
25.747638,11.469427,0.912352
25.780989,11.480105,0.916359
25.814341,11.493559,0.934944
25.847693,11.508884,0.960083
25.881045,11.526552,0.981813
25.914397,11.544936,0.992547
25.947749,11.562020,0.991789
25.981101,11.576932,0.980371
26.014452,11.589970,0.962269
26.047804,11.605309,0.938489
26.081156,11.617723,0.918470
26.114508,11.627906,0.920455
26.147860,11.640320,0.937121
26.181212,11.655279,0.960270
26.214564,11.672067,0.979641
26.247916,11.689832,0.988095
26.281267,11.706196,0.985051
26.314619,11.719692,0.972402
26.347971,11.731414,0.953728
26.381323,11.745970,0.929424
26.414675,11.757493,0.914136
26.448027,11.768013,0.919261
26.481379,11.781631,0.937549
26.514730,11.796606,0.961558
26.548082,11.813408,0.981777
26.581434,11.831223,0.991060
26.614786,11.847766,0.988871
26.648138,11.861892,0.976366
26.681490,11.873924,0.957476
26.714842,11.888572,0.933043
26.748193,11.900559,0.913789
26.781545,11.910202,0.914824
26.814897,11.922930,0.931623
26.848249,11.937768,0.956272
26.881601,11.954508,0.978068
26.914953,11.972355,0.989075
26.948305,11.989077,0.988626
26.981656,12.003606,0.977495
27.015008,12.015713,0.959554
27.048360,12.030288,0.935741
27.081712,12.042561,0.915297
27.115064,12.052867,0.917134
27.148416,12.065269,0.933951
27.181768,12.080204,0.958035
27.215120,12.096991,0.978833
27.248471,12.114917,0.988792
27.281823,12.131508,0.987263
27.315175,12.145437,0.975736
27.348527,12.157387,0.957943
27.381879,12.172022,0.934378
27.415231,12.184043,0.918694
27.448583,12.194581,0.923392
27.481934,12.207746,0.941218
27.515286,12.222788,0.963981
27.548638,12.239867,0.982096
27.581990,12.257564,0.989160
27.615342,12.273914,0.984741
27.648694,12.287697,0.970347
27.682046,12.299899,0.949836
27.715397,12.315058,0.924177
27.748749,12.326562,0.908653
27.782101,12.337027,0.913377
27.815453,12.350344,0.931113
27.848805,12.365032,0.955484
27.882157,12.381187,0.976573
27.915509,12.398595,0.986877
27.948860,12.414934,0.985741
27.982212,12.428913,0.974233
28.015564,12.440881,0.956206
28.048916,12.455549,0.932325
28.082268,12.466582,0.913248
28.115620,12.476417,0.916217
28.148972,12.489608,0.934260
28.182324,12.504830,0.959588
28.215675,12.522292,0.981974
28.249027,12.540450,0.993424
28.282379,12.557526,0.993421
28.315731,12.572732,0.982230
28.349083,12.585629,0.963425
28.382435,12.600414,0.938559
28.415787,12.614741,0.918419
28.449138,12.625441,0.920732
28.482490,12.637866,0.937316
28.515842,12.652716,0.960021
28.549194,12.669515,0.978724
28.582546,12.687250,0.986489
28.615898,12.703522,0.982754
28.649250,12.716647,0.969894
28.682601,12.728280,0.950851
28.715953,12.742801,0.926143
28.749305,12.754023,0.911402
28.782657,12.764595,0.916986
28.816009,12.778338,0.935320
28.849361,12.793208,0.959580
28.882713,12.809618,0.980236
28.916064,12.827283,0.990046
28.949416,12.843790,0.988405
28.982768,12.857920,0.976354
29.016120,12.869802,0.957790
29.049472,12.884369,0.933550
29.082824,12.896256,0.912622
29.116176,12.906115,0.912966
29.149528,12.918727,0.929180
29.182879,12.933525,0.953720
29.216231,12.949973,0.975695
29.249583,12.967782,0.987026
29.282935,12.984583,0.986924
29.316287,12.999148,0.976186
29.349639,13.011132,0.958670
29.382991,13.025688,0.935191
29.416342,13.037917,0.915479
29.449694,13.048305,0.917788
29.483046,13.061239,0.934870
29.516398,13.076285,0.958948
29.549750,13.093285,0.979787
29.583102,13.111232,0.989735
29.616454,13.127928,0.988205
29.649805,13.142277,0.976281
29.683157,13.154670,0.957939
29.716509,13.169640,0.933891
29.749861,13.182093,0.918777
29.783213,13.192933,0.924131
29.816565,13.206096,0.942333
29.849917,13.221435,0.964279
29.883268,13.238689,0.980521
29.916620,13.256280,0.985656
29.949972,13.272491,0.979292
29.983324,13.285948,0.963541
30.016676,13.298425,0.941842
30.050028,13.313934,0.916808
30.083380,13.325981,0.908135
30.116732,13.337340,0.916408
30.150083,13.351486,0.935805
30.183435,13.366610,0.959922
30.216787,13.383164,0.979596
30.250139,13.400407,0.988250
30.283491,13.416622,0.985468
30.316843,13.430738,0.972044
30.350195,13.443229,0.951967
30.383546,13.458493,0.926423
30.416898,13.470454,0.911574
30.450250,13.481354,0.919099
30.483602,13.495824,0.939497
30.516954,13.511609,0.964367
30.550306,13.529078,0.984470
30.583658,13.546994,0.993471
30.617009,13.563891,0.991032
30.650361,13.578915,0.977531
30.683713,13.592336,0.956886
30.717065,13.608240,0.930625
30.750417,13.622021,0.916170
30.783769,13.633357,0.923070
30.817121,13.647243,0.942474
30.850472,13.662972,0.963573
30.883824,13.680279,0.977284
30.917176,13.697586,0.979876
30.950528,13.713702,0.971070
30.983880,13.727014,0.953724
31.017232,13.740799,0.930903
31.050584,13.755825,0.913803
31.083936,13.767746,0.916780
31.117287,13.781640,0.932845
31.150639,13.797429,0.955840
31.183991,13.813849,0.975830
31.217343,13.831331,0.985109
31.250695,13.848044,0.982979
31.284047,13.862786,0.970163
31.317399,13.875587,0.950710
31.350750,13.891120,0.925933
31.384102,13.902593,0.910266
31.417454,13.913530,0.916136
31.450806,13.928247,0.935750
31.484158,13.944215,0.961254
31.517510,13.961874,0.983179
31.550862,13.980201,0.994127
31.584213,13.997584,0.993635
31.617565,14.013180,0.981891
31.650917,14.026897,0.962314
31.684269,14.042839,0.936532
31.717621,14.056484,0.915601
31.750973,14.067100,0.918025
31.784325,14.079965,0.936265
31.817676,14.095527,0.961425
31.851028,14.113713,0.983146
31.884380,14.132576,0.993863
31.917732,14.149984,0.993064
31.951084,14.165121,0.981670
31.984436,14.178263,0.963616
32.017788,14.193576,0.939926
32.051140,14.206354,0.920427
32.084491,14.216566,0.922800
32.117843,14.228900,0.939239
32.151195,14.243629,0.960529
32.184547,14.259912,0.976683
32.217899,14.276928,0.981857
32.251251,14.292567,0.975580
32.284603,14.305151,0.960361
32.317954,14.317250,0.939076
32.351306,14.331554,0.915647
32.384658,14.342758,0.909420
32.418010,14.354269,0.918282
32.451362,14.368482,0.937441
32.484714,14.383296,0.960697
32.518066,14.399401,0.979172
32.551417,14.416332,0.986642
32.584769,14.432157,0.982673
32.618121,14.445601,0.968494
32.651473,14.457499,0.948031
32.684825,14.472418,0.922423
32.718177,14.484372,0.910170
32.751529,14.495569,0.919201
32.784880,14.510412,0.940180
32.818232,14.525872,0.963826
32.851584,14.542570,0.981273
32.884936,14.559673,0.987590
32.918288,14.575845,0.982507
32.951640,14.590061,0.966770
32.984992,14.603113,0.944662
33.018344,14.619413,0.919813
33.051695,14.632757,0.915062
33.085047,14.644690,0.925680
33.118399,14.660617,0.946735
33.151751,14.677216,0.966997
33.185103,14.693832,0.977895
33.218455,14.710460,0.977635
33.251807,14.726327,0.966109
33.285158,14.740518,0.943927
33.318510,14.755278,0.916582
33.351862,14.770754,0.905602
33.385214,14.785216,0.918231
33.418566,14.802957,0.943348
33.451918,14.821859,0.972588
33.485270,14.842304,0.997066
33.518621,14.863219,1.010442
33.551973,14.883250,1.012370
33.585325,14.901581,1.002865
33.618677,14.919183,0.982603
33.652029,14.938846,0.955161
33.685381,14.956293,0.928913
33.718733,14.966602,0.927866
33.752084,14.979281,0.945200
33.785436,14.995833,0.970103
33.818788,15.015028,0.991296
33.852140,15.034529,1.001367
33.885492,15.052619,0.999929
33.918844,15.068740,0.987359
33.952196,15.083001,0.967542
33.985548,15.098564,0.942243
34.018899,15.112424,0.919806
34.052251,15.122247,0.916275
34.085603,15.133525,0.926812
34.118955,15.147019,0.945172
34.152307,15.161231,0.960838
34.185659,15.176036,0.965755
34.219011,15.190617,0.959946
34.252362,15.202036,0.947171
34.285714,15.213914,0.929284
34.319066,15.225267,0.915072
34.352418,15.236450,0.918212
34.385770,15.249321,0.933428
34.419122,15.264811,0.955344
34.452474,15.280107,0.974566
34.485825,15.296191,0.983191
34.519177,15.311684,0.980424
34.552529,15.325099,0.967351
34.585881,15.336705,0.948117
34.619233,15.351090,0.923925
34.652585,15.362013,0.912369
34.685937,15.373139,0.920767
34.719288,15.388382,0.941305
34.752640,15.404593,0.964877
34.785992,15.421456,0.982251
34.819344,15.438700,0.988532
34.852696,15.455228,0.983461
34.886048,15.470185,0.967143
34.919400,15.484804,0.943219
34.952752,15.500728,0.916344
34.986103,15.512077,0.908468
35.019455,15.524252,0.921914
35.052807,15.540689,0.946609
35.086159,15.558046,0.971367
35.119511,15.576177,0.987125
35.152863,15.594315,0.991617
35.186215,15.611522,0.984732
35.219566,15.627039,0.966738
35.252918,15.642251,0.941619
35.286270,15.659414,0.915748
35.319622,15.672028,0.914798
35.352974,15.685162,0.931628
35.386326,15.701949,0.957335
35.419678,15.719423,0.980834
35.453029,15.737702,0.993812
35.486381,15.755651,0.995443
35.519733,15.772383,0.985691
35.553085,15.786928,0.965690
35.586437,15.800983,0.939572
35.619789,15.819461,0.917946
35.653141,15.833834,0.918043
35.686492,15.846261,0.928288
35.719844,15.861572,0.946087
35.753196,15.878098,0.962000
35.786548,15.893378,0.968131
35.819900,15.908427,0.963161
35.853252,15.922507,0.947038
35.886604,15.935247,0.924007
35.919956,15.948148,0.906480
35.953307,15.961564,0.910620
35.986659,15.977060,0.930193
36.020011,15.995768,0.957840
36.053363,16.015488,0.984009
36.086715,16.035862,0.999976
36.120067,16.055754,1.004492
36.153419,16.074307,0.997577
36.186770,16.091355,0.979884
36.220122,16.108491,0.955348
36.253474,16.127607,0.927928
36.286826,16.140950,0.917627
36.320178,16.152776,0.926866
36.353530,16.167308,0.947389
36.386882,16.183200,0.967617
36.420233,16.200983,0.978944
36.453585,16.218737,0.979183
36.486937,16.234956,0.968298
36.520289,16.247657,0.950200
36.553641,16.261655,0.926858
36.586993,16.277209,0.912276
36.620345,16.289990,0.919286
36.653696,16.305227,0.938347
36.687048,16.321038,0.961807
36.720400,16.338260,0.980579
36.753752,16.356187,0.988338
36.787104,16.373138,0.984672
36.820456,16.388057,0.970331
36.853808,16.401430,0.949503
36.887160,16.417867,0.923962
36.920511,16.431653,0.915236
36.953863,16.443730,0.924612
36.987215,16.459491,0.945437
37.020567,16.475823,0.966419
37.053919,16.492765,0.978659
37.087271,16.509796,0.979707
37.120623,16.526137,0.969497
37.153974,16.541111,0.948327
37.187326,16.556943,0.920884
37.220678,16.570860,0.906656
37.254030,16.584421,0.916684
37.287382,16.601113,0.939890
37.320734,16.619096,0.968344
37.354086,16.639063,0.993070
37.387437,16.659569,1.006735
37.420789,16.679057,1.008942
37.454141,16.696768,0.999683
37.487493,16.713425,0.980248
37.520845,16.731060,0.954094
37.554197,16.749146,0.928250
37.587549,16.760693,0.925068
37.620901,16.772426,0.938758
37.654252,16.787148,0.960305
37.687604,16.803873,0.978499
37.720956,16.821672,0.985852
37.754308,16.838210,0.981729
37.787660,16.852021,0.967798
37.821012,16.864344,0.947713
37.854364,16.879007,0.922562
37.887715,16.890703,0.911434
37.921067,16.902243,0.920302
37.954419,16.917162,0.940569
37.987771,16.932407,0.964035
38.021123,16.949036,0.981881
38.054475,16.966356,0.988668
38.087827,16.982622,0.984035
38.121178,16.996723,0.968927
38.154530,17.009506,0.947582
38.187882,17.025295,0.922018
38.221234,17.038652,0.914832
38.254586,17.050288,0.924035
38.287938,17.065651,0.944202
38.321290,17.081285,0.964094
38.354641,17.097344,0.974999
38.387993,17.113538,0.974743
38.421345,17.129054,0.963242
38.454697,17.143413,0.941148
38.488049,17.158429,0.914085
38.521401,17.171745,0.905090
38.554753,17.185456,0.918083
38.588105,17.202751,0.943329
38.621456,17.221297,0.972873
38.654808,17.241613,0.997957
38.688160,17.262428,1.011939
38.721512,17.282275,1.014479
38.754864,17.300353,1.005570
38.788216,17.317589,0.985913
38.821568,17.336379,0.959261
38.854919,17.354320,0.931816
38.888271,17.364719,0.927557
38.921623,17.376385,0.942406
38.954975,17.391683,0.965070
38.988327,17.409570,0.983979
39.021679,17.427914,0.991825
39.055031,17.444853,0.988158
39.088382,17.459315,0.974285
39.121734,17.472136,0.954028
39.155086,17.487234,0.928452
39.188438,17.498721,0.912252
39.221790,17.509626,0.918321
39.255142,17.523064,0.936738
39.288494,17.537952,0.960437
39.321845,17.554185,0.980031
39.355197,17.571608,0.988733
39.388549,17.587771,0.985968
39.421901,17.601163,0.973446
39.455253,17.612707,0.954826
39.488605,17.627241,0.930475
39.521957,17.639247,0.914783
39.555309,17.649895,0.920657
39.588660,17.663927,0.939697
39.622012,17.679158,0.963480
39.655364,17.696158,0.982626
39.688716,17.713741,0.990719
39.722068,17.730236,0.987373
39.755420,17.744628,0.973369
39.788772,17.757369,0.952934
39.822123,17.773009,0.927592
39.855475,17.786346,0.916220
39.888827,17.797932,0.923736
39.922179,17.811770,0.942878
39.955531,17.827217,0.964868
39.988883,17.844728,0.980757
40.022235,17.862471,0.985489
40.055586,17.878865,0.978733
40.088938,17.892444,0.962849
40.122290,17.905422,0.940852
40.155642,17.921133,0.916150
40.188994,17.932976,0.908366
40.222346,17.944443,0.916383
40.255698,17.958468,0.935333
40.289049,17.973889,0.959787
40.322401,17.990554,0.980502
40.355753,18.007992,0.990237
40.389105,18.024426,0.988529
40.422457,18.038842,0.976006
40.455809,18.051341,0.956580
40.489161,18.066538,0.931403
40.522513,18.078706,0.912871
40.555864,18.089151,0.917021
40.589216,18.102772,0.935685
40.622568,18.118238,0.961015
40.655920,18.136003,0.983071
40.689272,18.154383,0.994119
40.722624,18.171581,0.993691
40.755976,18.186824,0.982233
40.789327,18.200018,0.963535
40.822679,18.215303,0.938855
40.856031,18.228933,0.918508
40.889383,18.239400,0.920672
40.922735,18.251965,0.937345
40.956087,18.266982,0.959765
40.989439,18.283795,0.977866
41.022790,18.301340,0.984982
41.056142,18.317506,0.980601
41.089494,18.330738,0.966880
41.122846,18.342698,0.947045
41.156198,18.357451,0.922304
41.189550,18.368849,0.910871
41.222902,18.379857,0.918253
41.256253,18.394341,0.937568
41.289605,18.409406,0.961293
41.322957,18.425975,0.980341
41.356309,18.443321,0.988380
41.389661,18.459603,0.984991
41.423013,18.473670,0.971111
41.456365,18.486054,0.950776
41.489717,18.501409,0.925260
41.523068,18.513342,0.909836
41.556420,18.524172,0.916584
41.589772,18.538514,0.936505
41.623124,18.554013,0.961524
41.656476,18.571340,0.982380
41.689828,18.589213,0.992181
41.723180,18.606039,0.990534
41.756531,18.620929,0.977933
41.789883,18.634140,0.958240
41.823235,18.649800,0.932706
41.856587,18.662421,0.913964
41.889939,18.673189,0.918400
41.923291,18.686449,0.937279
41.956643,18.702068,0.962148
41.989994,18.720049,0.983230
42.023346,18.738590,0.993256
42.056698,18.755715,0.991775
42.090050,18.770570,0.979759
42.123402,18.783617,0.961148
42.156754,18.798936,0.936818
42.190106,18.811827,0.919377
42.223457,18.822450,0.923448
42.256809,18.835263,0.940920
42.290161,18.850314,0.962166
42.323513,18.866997,0.977452
42.356865,18.884207,0.981697
42.390217,18.900004,0.974511
42.423569,18.912848,0.958718
42.456921,18.925877,0.937026
42.490272,18.940035,0.916005
42.523624,18.950851,0.912014
42.556976,18.962134,0.920127
42.590328,18.975782,0.937150
42.623680,18.990860,0.958602
42.657032,19.005127,0.975943
42.690384,19.020579,0.982522
42.723735,19.035446,0.977773
42.757087,19.048285,0.962530
42.790439,19.059569,0.941248
42.823791,19.073891,0.916374
42.857143,19.085754,0.910507
42.890495,19.097263,0.922357
42.923847,19.112934,0.944934
42.957198,19.129689,0.968152
42.990550,19.146277,0.982848
43.023902,19.163058,0.986357
43.057254,19.179157,0.978551
43.090606,19.193737,0.959607
43.123958,19.208177,0.933539
43.157310,19.225144,0.914676
43.190661,19.238408,0.920247
43.224013,19.253569,0.939757
43.257365,19.270309,0.964026
43.290717,19.288235,0.983538
43.324069,19.306546,0.992010
43.357421,19.324078,0.989064
43.390773,19.340068,0.974813
43.424125,19.355680,0.952794
43.457476,19.372826,0.926510
43.490828,19.385727,0.918590
43.524180,19.398520,0.931739
43.557532,19.414644,0.955241
43.590884,19.432657,0.977056
43.624236,19.451609,0.988402
43.657588,19.469953,0.988359
43.690939,19.486865,0.976935
43.724291,19.501687,0.956845
43.757643,19.518515,0.931054
43.790995,19.532272,0.912015
43.824347,19.543566,0.914121
43.857699,19.556937,0.931363
43.891051,19.572898,0.956587
43.924402,19.591021,0.978996
43.957754,19.610048,0.990575
43.991106,19.627864,0.990664
44.024458,19.643569,0.979934
44.057810,19.657128,0.962200
44.091162,19.673015,0.938462
44.124514,19.685542,0.916653
44.157865,19.695398,0.915381
44.191217,19.707466,0.930904
44.224569,19.722348,0.954860
44.257921,19.738862,0.976014
44.291273,19.756786,0.986498
44.324625,19.773599,0.985538
44.357977,19.787847,0.974398
44.391329,19.799936,0.956973
44.424680,19.814589,0.933696
44.458032,19.826354,0.917244
44.491384,19.836814,0.921776
44.524736,19.850179,0.939990
44.558088,19.865409,0.963961
44.591440,19.882849,0.984051
44.624792,19.900958,0.993105
44.658143,19.917742,0.990679
44.691495,19.932259,0.977735
44.724847,19.944886,0.958316
44.758199,19.959896,0.933368
44.791551,19.972810,0.917093
44.824903,19.983499,0.921511
44.858255,19.996394,0.939267
44.891606,20.011491,0.961912
44.924958,20.028307,0.979705
44.958310,20.045995,0.986527
44.991662,20.062227,0.981853
45.025014,20.075347,0.968034
45.058366,20.087166,0.948030
45.091718,20.101858,0.922774
45.125069,20.113331,0.910531
45.158421,20.124334,0.918906
45.191773,20.138613,0.939170
45.225125,20.153593,0.962933
45.258477,20.170315,0.981311
45.291829,20.187582,0.988588
45.325181,20.203678,0.984417
45.358533,20.217460,0.969960
45.391884,20.229909,0.949107
45.425236,20.245112,0.923056
45.458588,20.257701,0.913458
45.491940,20.269076,0.922822
45.525292,20.283879,0.943391
45.558644,20.299125,0.964377
45.591996,20.315375,0.977207
45.625347,20.331806,0.978864
45.658699,20.347356,0.969192
45.692051,20.360930,0.950103
45.725403,20.374867,0.926292
45.758755,20.389518,0.911957
45.792107,20.402143,0.918453
45.825459,20.417081,0.937522
45.858810,20.433045,0.962330
45.892162,20.451283,0.983718
45.925514,20.470092,0.994066
45.958866,20.487720,0.992927
45.992218,20.503360,0.980843
46.025570,20.517036,0.961625
46.058922,20.533010,0.936429
46.092273,20.547068,0.917137
46.125625,20.557891,0.918983
46.158977,20.570739,0.935667
46.192329,20.586026,0.959205
46.225681,20.603040,0.979081
46.259033,20.621243,0.988106
46.292385,20.638073,0.985636
46.325737,20.652013,0.973549
46.359088,20.664183,0.955360
46.392440,20.679013,0.931337
46.425792,20.689981,0.912053
46.459144,20.700147,0.915812
46.492496,20.713450,0.934164
46.525848,20.728533,0.959351
46.559200,20.745557,0.981263
46.592551,20.763610,0.992302
46.625903,20.780491,0.991875
46.659255,20.795242,0.980653
46.692607,20.807800,0.962546
46.725959,20.822678,0.938619
46.759311,20.835411,0.918286
46.792663,20.845629,0.920223
46.826014,20.858049,0.936943
46.859366,20.873019,0.960188
46.892718,20.889928,0.979708
46.926070,20.907657,0.988269
46.959422,20.923997,0.985333
46.992774,20.937606,0.972589
47.026126,20.949503,0.953737
47.059477,20.964141,0.929238
47.092829,20.975605,0.913981
47.126181,20.986127,0.919235
47.159533,20.999829,0.937706
47.192885,21.014867,0.961931
47.226237,21.031818,0.982392
47.259589,21.049717,0.991896
47.292941,21.066351,0.989930
47.326292,21.080664,0.977504
47.359644,21.092955,0.958603
47.392996,21.107696,0.934131
47.426348,21.119777,0.914854
47.459700,21.129595,0.916899
47.493052,21.142022,0.934439
47.526404,21.156967,0.959457
47.559755,21.174286,0.981300
47.593107,21.192582,0.992242
47.626459,21.209487,0.991685
47.659811,21.224018,0.980667
47.693163,21.236358,0.963065
47.726515,21.250985,0.939848
47.759867,21.262718,0.917790
47.793218,21.272113,0.916056
47.826570,21.283544,0.930210
47.859922,21.297673,0.952829
47.893274,21.313197,0.972739
47.926626,21.330215,0.982031
47.959978,21.346236,0.979918
47.993330,21.359307,0.968327
48.026681,21.370364,0.951051
48.060033,21.384217,0.928273
48.093385,21.395467,0.914708
48.126737,21.406101,0.919992
48.160089,21.420076,0.938126
48.193441,21.435308,0.961806
48.226793,21.452296,0.981620
48.260145,21.469935,0.990443
48.293496,21.486545,0.987828
48.326848,21.501113,0.974447
48.360200,21.513767,0.954397
48.393552,21.529202,0.928951
48.426904,21.541443,0.910880
48.460256,21.551518,0.913075
48.493608,21.564498,0.929887
48.526959,21.579432,0.954525
48.560311,21.596403,0.976422
48.593663,21.614346,0.987504
48.627015,21.631180,0.987124
48.660367,21.645798,0.976189
48.693719,21.658223,0.958580
48.727071,21.673214,0.934963
48.760422,21.684752,0.915045
48.793774,21.694479,0.916290
48.827126,21.707023,0.933267
48.860478,21.722029,0.958208
48.893830,21.739455,0.980412
48.927182,21.757823,0.991769
48.960534,21.774966,0.991650
48.993885,21.790000,0.980692
49.027237,21.802623,0.962747
49.060589,21.817414,0.938921
49.093941,21.830586,0.918955
49.127293,21.840897,0.920958
49.160645,21.853254,0.937343
49.193997,21.868070,0.959732
49.227349,21.884627,0.977996
49.260700,21.902077,0.985319
49.294052,21.918128,0.981152
49.327404,21.931127,0.967774
49.360756,21.942709,0.948308
49.394108,21.957197,0.923490
49.427460,21.968306,0.909555
49.460812,21.979024,0.915670
49.494163,21.993025,0.934330
49.527515,22.007915,0.958815
49.560867,22.024636,0.979761
49.594219,22.042335,0.989782
49.627571,22.058876,0.988349
49.660923,22.073136,0.976420
49.694275,22.085377,0.957888
49.727626,22.100261,0.933569
49.760978,22.111856,0.912744
49.794330,22.121644,0.913479
49.827682,22.134133,0.930404
49.861034,22.148970,0.955589
49.894386,22.165917,0.978038
49.927738,22.184184,0.989768
49.961089,22.201246,0.990028
49.994441,22.216022,0.979667
50.027793,22.228333,0.962497
50.061145,22.242953,0.939476
50.094497,22.255109,0.917644
50.127849,22.264865,0.916912
50.161201,22.276709,0.931842
50.194553,22.291162,0.954862
50.227904,22.307020,0.975003
50.261256,22.324285,0.984466
50.294608,22.340487,0.982506
50.327960,22.353918,0.970750
50.361312,22.365335,0.953138
50.394664,22.379605,0.929951
50.428016,22.390865,0.915262
50.461367,22.401280,0.920766
50.494719,22.415215,0.939651
50.528071,22.430560,0.964021
50.561423,22.448015,0.984500
50.594775,22.466107,0.993942
50.628127,22.483014,0.991925
50.661479,22.497872,0.979030
50.694830,22.510760,0.959242
50.728182,22.525857,0.933816
50.761534,22.539014,0.914132
50.794886,22.548898,0.914143
50.828238,22.560673,0.928961
50.861590,22.575092,0.951891
50.894942,22.590716,0.971929
50.928293,22.607752,0.981295
50.961645,22.623794,0.979259
50.994997,22.636785,0.967969
51.028349,22.648004,0.950660
51.061701,22.662041,0.927399
51.095053,22.672862,0.911716
51.128405,22.683262,0.917465
51.161757,22.697357,0.936668
51.195108,22.712915,0.961878
51.228460,22.730276,0.983560
51.261812,22.748351,0.994275
51.295164,22.765435,0.993549
51.328516,22.780671,0.981643
51.361868,22.793852,0.962143
51.395220,22.809169,0.936531
51.428571,22.823632,0.918835
51.461923,22.834675,0.923350
51.495275,22.847767,0.941411
51.528627,22.863123,0.962526
51.561979,22.880330,0.977162
51.595331,22.897738,0.980678
51.628683,22.913738,0.972800
51.662034,22.926823,0.956487
51.695386,22.940587,0.934306
51.728738,22.954476,0.915105
51.762090,22.965514,0.914486
51.795442,22.977911,0.927500
51.828794,22.992830,0.948677
51.862146,23.007593,0.967583
51.895497,23.023718,0.976216
51.928849,23.039560,0.973564
51.962201,23.053146,0.960847
51.995553,23.064615,0.942451
52.028905,23.078630,0.919689
52.062257,23.089710,0.910949
52.095609,23.101194,0.921435
52.128961,23.116868,0.943214
52.162312,23.133554,0.966606
52.195664,23.150206,0.982544
52.229016,23.167143,0.987352
52.262368,23.183504,0.980857
52.295720,23.198426,0.963073
52.329072,23.213837,0.937015
52.362424,23.229531,0.914914
52.395775,23.242370,0.918764
52.429127,23.257456,0.939140
52.462479,23.275195,0.966585
52.495831,23.294761,0.990945
52.529183,23.314929,1.004375
52.562535,23.334214,1.006350
52.595887,23.351843,0.996883
52.629238,23.368115,0.977060
52.662590,23.385230,0.950549
52.695942,23.403783,0.926412
52.729294,23.416054,0.925989
52.762646,23.428585,0.941355
52.795998,23.443694,0.964031
52.829350,23.461416,0.983195
52.862702,23.479782,0.991356
52.896053,23.496815,0.988020
52.929405,23.511574,0.974143
52.962757,23.524685,0.953582
52.996109,23.540229,0.927808
53.029461,23.552078,0.911663
53.062813,23.562915,0.915670
53.096165,23.576314,0.932930
53.129516,23.591137,0.956609
53.162868,23.607079,0.976788
53.196220,23.624414,0.986195
53.229572,23.640705,0.984180
53.262924,23.654292,0.972272
53.296276,23.666017,0.954100
53.329628,23.680581,0.930026
53.362979,23.691405,0.911891
53.396331,23.701520,0.916563
53.429683,23.715272,0.935602
53.463035,23.731011,0.961436
53.496387,23.748560,0.984063
53.529739,23.766837,0.995750
53.563091,23.784144,0.996002
53.596442,23.799667,0.984882
53.629794,23.813033,0.965439
53.663146,23.827929,0.939857
53.696498,23.843276,0.918101
53.729850,23.854328,0.919762
53.763202,23.866731,0.935824
53.796554,23.881354,0.958322
53.829906,23.898058,0.977085
53.863257,23.915602,0.984895
53.896609,23.931752,0.981209
53.929961,23.944934,0.968292
53.963313,23.956850,0.949217
53.996665,23.971466,0.924718
54.030017,23.982674,0.912326
54.063369,23.993467,0.919240
54.096720,24.007700,0.938189
54.130072,24.022652,0.961488
54.163424,24.038984,0.980074
54.196776,24.056267,0.987703
54.230128,24.072454,0.983900
54.263480,24.086267,0.969835
54.296832,24.098362,0.949516
54.330183,24.113539,0.924113
54.363535,24.125476,0.909678
54.396887,24.136398,0.916994
54.430239,24.150950,0.937211
54.463591,24.166453,0.961954
54.496943,24.183553,0.982039
54.530295,24.201191,0.991062
54.563646,24.217845,0.988652
54.596998,24.232597,0.975293
54.630350,24.245787,0.954918
54.663702,24.261599,0.928966
54.697054,24.274212,0.912911
54.730406,24.285303,0.919642
54.763758,24.299356,0.939701
54.797110,24.315215,0.964330
54.830461,24.333192,0.984352
54.863813,24.351524,0.993244
54.897165,24.368611,0.990656
54.930517,24.383607,0.977337
54.963869,24.397057,0.957259
54.997221,24.412910,0.931398
55.030573,24.426554,0.917873
55.063924,24.437837,0.924876
55.097276,24.451364,0.944138
55.130628,24.466868,0.964690
55.163980,24.484034,0.977378
55.197332,24.501402,0.978950
55.230684,24.517270,0.969324
55.264036,24.529964,0.951979
55.297387,24.544251,0.929053
55.330739,24.557118,0.911233
55.364091,24.568495,0.912876
55.397443,24.581741,0.928532
55.430795,24.596813,0.952345
55.464147,24.613327,0.973659
55.497499,24.631452,0.984459
55.530850,24.648641,0.983840
55.564202,24.663397,0.972870
55.597554,24.675646,0.955493
55.630906,24.690751,0.932205
55.664258,24.702470,0.912785
55.697610,24.712731,0.914627
55.730962,24.726165,0.931791
55.764314,24.741489,0.956650
55.797665,24.758738,0.978771
55.831017,24.776951,0.990099
55.864369,24.794159,0.989986
55.897721,24.809449,0.978832
55.931073,24.822450,0.960475
55.964425,24.837736,0.936264
55.997777,24.851074,0.916899
56.031128,24.861800,0.919655
56.064480,24.874676,0.936859
56.097832,24.889987,0.960413
56.131184,24.907256,0.980200
56.164536,24.925405,0.989039
56.197888,24.942132,0.986368
56.231240,24.956113,0.973907
56.264591,24.968406,0.955468
56.297943,24.983500,0.931370
56.331295,24.995685,0.917031
56.364647,25.006600,0.922839
56.397999,25.019902,0.941333
56.431351,25.035191,0.963866
56.464703,25.052274,0.981060
56.498054,25.069950,0.987201
56.531406,25.086256,0.981843
56.564758,25.099785,0.966973
56.598110,25.112145,0.946080
56.631462,25.127329,0.920365
56.664814,25.138708,0.907560
56.698166,25.148741,0.910913
56.731518,25.160560,0.924266
56.764869,25.175293,0.945192
56.798221,25.189692,0.964039
56.831573,25.204518,0.972764
56.864925,25.219266,0.970362
56.898277,25.232848,0.956803
56.931629,25.243791,0.935901
56.964981,25.257710,0.914276
56.998332,25.271060,0.912765
57.031684,25.283470,0.925127
57.065036,25.299590,0.947277
57.098388,25.316281,0.968438
57.131740,25.332977,0.980092
57.165092,25.349648,0.980497
57.198444,25.365461,0.969612
57.231795,25.379477,0.948620
57.265147,25.393980,0.922883
57.298499,25.409913,0.910207
57.331851,25.423365,0.918958
57.365203,25.439760,0.940023
57.398555,25.457026,0.965014
57.431907,25.475356,0.984808
57.465258,25.494103,0.993551
57.498610,25.512123,0.990881
57.531962,25.528602,0.976855
57.565314,25.544529,0.954301
57.598666,25.562307,0.926570
57.632018,25.575262,0.915192
57.665370,25.587953,0.927006
57.698722,25.603423,0.950405
57.732073,25.621118,0.975273
57.765425,25.640761,0.992886
57.798777,25.660309,0.999212
57.832129,25.678510,0.994043
57.865481,25.694811,0.978031
57.898833,25.710552,0.955143
57.932185,25.728278,0.927350
57.965536,25.740960,0.912331
57.998888,25.751748,0.917344
58.032240,25.765099,0.934859
58.065592,25.779821,0.957847
58.098944,25.795936,0.976804
58.132296,25.813276,0.984885
58.165648,25.829371,0.981510
58.198999,25.842433,0.968927
58.232351,25.854139,0.950102
58.265703,25.868700,0.925414
58.299055,25.880210,0.912059
58.332407,25.891209,0.919792
58.365759,25.905865,0.939930
58.399111,25.921384,0.964307
58.432462,25.938468,0.983876
58.465814,25.956210,0.992407
58.499166,25.972962,0.989516
58.532518,25.987758,0.975683
58.565870,26.000885,0.954923
58.599222,26.016660,0.928868
58.632574,26.030484,0.917071
58.665926,26.042026,0.924784
58.699277,26.056369,0.944471
58.732629,26.072248,0.964763
58.765981,26.089466,0.976656
58.799333,26.106570,0.977592
58.832685,26.122540,0.967156
58.866037,26.135703,0.947981
58.899389,26.149151,0.923944
58.932740,26.164989,0.908456
58.966092,26.178198,0.915398
58.999444,26.193171,0.934511
59.032796,26.208897,0.959676
59.066148,26.226971,0.981522
59.099500,26.245899,0.992416
59.132852,26.263638,0.991827
59.166203,26.279318,0.980364
59.199555,26.292996,0.961803
59.232907,26.309058,0.937220
59.266259,26.322242,0.916160
59.299611,26.332360,0.915736
59.332963,26.344919,0.932065
59.366315,26.360060,0.956594
59.399666,26.377133,0.978237
59.433018,26.395438,0.989125
59.466370,26.412546,0.988545
59.499722,26.427291,0.977466
59.533074,26.439731,0.959757
59.566426,26.454664,0.936225
59.599778,26.466609,0.915931
59.633130,26.476858,0.917977
59.666481,26.489372,0.935026
59.699833,26.504369,0.959214
59.733185,26.521251,0.980051
59.766537,26.539244,0.990033
59.799889,26.555913,0.988532
59.833241,26.570026,0.976849
59.866593,26.582083,0.958797
59.899944,26.596790,0.935089
59.933296,26.609038,0.919188
59.966648,26.619677,0.923644
60.000000,26.632612,0.941119
